0.98723,9.2261,0.93802,0
0.881,9.197,0.8798,0
0.84214,9.1776,0.87776,0
1.0141,9.1247,1.2032,0
1.1012,9.061,1.1368,0
1.2223,9.0457,1.0356,0
1.1885,8.8707,1.0521,0
1.1885,8.9462,1.1107,0
1.1362,8.9414,1.1892,0
1.1823,8.9292,1.0849,0
1.253,8.8648,1.0541,0
1.2187,8.9443,1.0027,0
1.2652,8.8663,1.0724,0
1.2314,8.8481,0.97098,0
1.279,8.9659,0.99573,0
1.1777,9.0767,0.98198,0
1.3872,8.8376,0.95741,0
1.6557,8.8081,1.0859,0
1.7633,8.8235,1.1384,0
1.8604,8.9273,1.377,0
2.2406,9.0272,1.4769,0
2.6814,8.8917,1.6768,0
2.8702,8.4738,1.964,0
2.7171,8.5843,2.3711,0
2.5451,8.2781,2.7789,0
2.003,7.9521,2.7681,0
0.52405,8.7065,2.7551,0
-0.64515,9.3571,2.4072,0
-0.91684,9.367,2.1647,0
-0.64307,8.6425,2.043,0
-1.0803,8.8598,2.0318,0
-1.9463,9.6963,2.1914,0
-1.5085,9.8155,1.8146,0
-0.36009,9.006,0.88437,0
-0.081915,8.3484,0.90147,0
-0.53641,8.5655,1.36,0
-0.71101,8.7269,1.4226,0
-0.58717,8.7633,1.3534,0
-0.26608,8.94,1.3069,0
0.02019,9.3882,1.0982,0
-0.15912,9.5807,0.97867,0
-0.44424,9.7881,0.60422,0
-0.50195,10.231,0.38699,0
-0.50239,10.083,1.0488,0
-0.44941,9.6795,1.1331,0
-0.1156,10.3,0.38384,0
0.093073,10.615,0.36012,0
-0.55456,10.19,0.54267,0
-0.93546,10.062,0.65624,0
-1.5522,10.007,0.89973,0
-3.6133,10.856,1.5615,0
-4.1761,11.61,1.609,0
-1.4341,12.529,1.6496,0
0.54309,11.801,1.6389,0
1.0654,10.13,1.6449,0
1.702,11.032,1.2017,0
2.6753,11.612,1.4785,0
2.5955,11.207,1.825,0
1.8418,9.9344,2.1105,0
1.1854,9.0144,1.8652,0
0.875,9.5951,0.70062,0
0.6366,10.34,0.1138,0
0.81772,10.194,0.30539,0
1.0983,9.2573,1.2069,0
0.96807,7.9938,1.664,0
0.71453,7.3974,0.73237,0
0.59979,6.9156,-0.38388,0
0.74446,6.2818,-0.91914,0
0.4589,5.4906,-1.2151,0
0.014015,4.5541,-1.52,0
0.0077099,3.8127,-1.7307,0
-0.11732,3.766,-2.1837,0
-0.47681,4.1638,-2.8416,0
-0.98365,4.8603,-2.8644,0
-1.4252,5.9827,-2.8139,0
-1.6975,7.9694,-4.0566,0
-2.1149,10.95,-6.1746,0
-3.1567,14.4,-6.3784,0
-3.1916,15.286,-4.8187,0
-1.8739,13.217,-4.2057,0
-1.1648,9.6189,-4.474,0
-0.43926,9.2997,-4.6762,0
-0.87363,12.802,-3.4627,0
0.21864,13.764,0.38682,0
0.81904,13.656,1.3433,0
2.6271,8.4127,0.79378,0
2.6055,3.3637,0.24418,0
1.0749,1.8311,-0.29244,0
-0.15243,2.7027,0.05906,0
-1.9211,6.5,0.26764,0
-3.7709,11.608,0.7522,0
-4.6429,13.817,1.5502,0
-2.7976,11.154,0.70931,0
-0.45315,7.1614,-0.78717,0
1.1406,6.3663,-0.28414,0
1.5762,7.1984,0.4298,0
1.2433,7.8325,1.1089,0
0.65351,7.8312,1.6796,0
0.66926,8.2683,1.4795,0
0.71206,8.782,1.2816,0
1.0615,9.4044,1.1972,0
1.4888,9.6108,1.3397,0
0.82538,8.9676,1.1877,0
0.49908,9.4473,0.91903,0
1.4038,10.557,1.457,0
2.2356,10.587,2.2344,0
0.8619,9.4081,1.5378,0
-1.8984,9.1724,0.96905,0
-2.7694,9.7271,1.034,0
-1.3882,10.518,0.96395,0
-1.1815,13.619,2.2425,0
-0.80588,14.889,3.1586,0
-0.065484,12.405,2.0542,0
-0.26461,10.108,0.65534,0
0.035019,7.5515,0.97794,0
1.7174,6.9684,1.1264,0
2.6673,8.5021,0.38007,0
2.2691,11.248,0.35019,0
2.535,12.497,1.2804,0
2.5945,11.855,2.3159,0
2.4837,11.037,2.4439,0
1.5974,10.419,1.0313,0
0.63315,10.326,0.068958,0
-0.022048,9.5354,-0.1742,0
-0.052063,8.9593,-0.27022,0
0.27848,8.3639,0.095327,0
0.34548,7.554,0.95285,0
0.79815,6.725,0.51984,0
0.93672,6.234,-0.27617,0
0.88716,5.627,-0.59197,0
0.77046,5.1859,-0.32097,0
0.80494,5.0433,-0.22293,0
1.1109,5.1694,-0.27683,0
1.3557,5.3687,-1.1927,0
1.1334,6.1117,-2.77,0
0.27675,7.6425,-4.4128,0
-1.4577,10.569,-5.3828,0
-3.656,14.006,-5.7611,0
-4.7245,14.95,-4.2828,0
-3.6051,11.798,-3.9415,0
-1.5009,9.3652,-3.9962,0
-0.66278,12.588,-3.8786,0
0.69126,17.224,0.098188,0
4.8446,16.197,2.9533,0
6.2269,9.1047,0.34903,0
5.4254,2.3282,-0.45128,0
2.6002,-0.497,-0.29189,0
-0.43054,1.8092,1.1024,0
-1.9639,7.2311,3.6994,0
-2.7135,13.283,2.8988,0
-2.2296,15.231,1.1442,0
-1.5267,10.073,-0.90079,0
0.46802,6.4308,-0.92898,0
1.0074,6.2755,1.4564,0
0.41094,7.8952,3.1967,0
0.45215,9.2676,1.9785,0
0.88288,9.3361,0.50742,0
0.22349,9.1879,-0.19701,0
-0.72148,9.1446,0.15696,0
-0.92231,8.7666,0.93775,0
-0.21113,8.6504,1.6387,0
0.46817,9.2813,1.3951,0
0.013733,9.5807,0.22986,0
-0.57965,9.616,-0.1479,0
-0.28813,9.4434,0.4192,0
-0.20738,9.3288,1.721,0
-0.35153,9.5869,1.3769,0
-1.4608,9.7293,0.24986,0
-2.6211,9.9447,-0.16031,0
-3.0082,10.663,0.64206,0
-3.5525,12.666,1.8243,0
-2.675,13.232,2.5459,0
-0.62799,12.042,1.6694,0
1.6786,10.205,1.1581,0
3.032,9.8074,1.4401,0
3.4036,10.41,1.7096,0
2.6425,12.049,1.9815,0
2.5102,13.173,1.0391,0
2.4194,12.906,-0.23162,0
1.4264,11.641,-0.56528,0
-0.0010958,10.044,0.46704,0
-1.2088,8.628,0.70342,0
-1.3612,7.3134,0.69886,0
-0.3624,6.3208,0.45951,0
0.18587,6.0568,0.15585,0
0.41741,5.7964,-0.11757,0
0.63891,5.401,-0.49768,0
0.80638,5.1593,-0.97419,0
1.0974,4.6985,-0.63858,0
1.1675,4.4552,-0.046741,0
1.0681,4.5047,-0.71636,0
0.31338,5.207,-2.2995,0
-0.85918,6.7415,-3.6006,0
-2.627,10.327,-5.2169,0
-4.9401,14.192,-5.9812,0
-4.618,15.924,-4.856,0
-2.6952,14.48,-4.2688,0
-0.90519,10.408,-3.8404,0
-0.3668,6.3986,-3.3412,0
-0.091183,9.3854,-3.7676,0
-0.0012291,17.597,-1.5006,0
3.3291,17.881,3.1568,0
5.1244,10.516,0.88878,0
3.2814,3.2066,-0.68341,0
0.51652,0.18759,0.078378,0
-1.2686,1.7451,0.96271,0
-2.3999,6.2905,2.123,0
-3.6746,12.156,2.4269,0
-2.7139,14.665,0.75065,0
-1.4439,11.289,-0.65951,0
-0.017621,7.7514,-1.3739,0
0.52373,6.9192,0.10943,0
-0.16835,7.1376,1.2679,0
0.16348,8.0773,1.7095,0
0.97922,8.232,0.991,0
1.3801,8.2973,0.36938,0
1.1011,8.5579,0.3939,0
0.50291,8.7278,0.95326,0
0.20893,8.2659,1.5601,0
0.48536,8.0752,1.7684,0
1.0209,9.0011,1.7372,0
0.98215,10.162,1.1141,0
0.81045,10.649,0.36539,0
1.4162,10.548,0.43214,0
0.52397,10.378,1.5084,0
-1.444,10.667,1.257,0
-2.1462,10.943,-0.18596,0
-1.6206,11.162,-0.34797,0
-2.4454,11.4,0.7715,0
-3.9188,13.243,1.7613,0
-4.0903,12.324,2.5929,0
-2.2937,9.8697,2.0081,0
0.60215,8.9217,1.264,0
2.8965,8.8072,0.59152,0
3.7549,10.003,0.88176,0
2.6218,10.978,1.6775,0
1.7555,11.466,1.2733,0
0.89272,12.108,0.66369,0
-0.20293,11.377,0.23018,0
-1.3337,10.816,0.29725,0
-1.3905,9.8878,0.17764,0
-0.80042,9.2844,0.46295,0
0.021078,8.451,1.0981,0
0.35817,7.7606,1.0725,0
0.64613,7.1194,0.67296,0
0.86735,6.5696,0.32215,0
1.2309,6.0257,-0.32379,0
1.2881,5.5661,-0.86243,0
0.79314,5.2807,-0.58741,0
0.50529,5.1355,-0.32211,0
0.35794,5.1355,-0.64883,0
-0.030635,5.6509,-1.4566,0
-0.97517,7.1913,-3.2842,0
-2.1492,9.9152,-5.7262,0
-3.3036,13.57,-6.5917,0
-3.5005,15.356,-4.6149,0
-1.9993,12.933,-3.4725,0
-0.75869,9.5802,-3.9024,0
1.6526,6.5296,-4.4024,0
-0.24421,11.375,-5.5004,0
-1.2131,16.997,-0.13095,0
0.59907,14.557,1.9795,0
2.9478,6.8506,-0.088304,0
2.8493,1.3662,-1.5467,0
0.054387,1.5388,-0.96376,0
-2.3918,4.6137,0.57134,0
-4.0912,10.307,3.0434,0
-4.4062,15.877,2.9569,0
-1.1445,12.903,1.0672,0
1.6404,8.0857,-1.575,0
1.6784,7.2028,-1.3492,0
0.65853,7.6307,0.87589,0
0.05556,8.8253,2.4354,0
-0.27669,8.5146,2.3181,0
-0.42945,8.2278,1.3651,0
-0.73525,8.3341,1.3382,0
-0.72306,9.0103,1.3284,0
-0.078307,9.4423,0.80098,0
0.68819,9.3871,0.96126,0
0.98118,8.745,1.7826,0
1.0759,7.9006,2.4404,0
1.0999,7.5762,2.0925,0
1.0323,8.5284,1.5794,0
0.81818,9.6315,1.0683,0
0.52872,9.8872,1.1204,0
0.0082883,9.8281,1.7358,0
-0.26774,9.6189,1.8961,0
-0.45729,9.6372,1.3484,0
-0.79832,10.033,0.6986,0
-1.1987,9.8929,0.59748,0
-1.5851,9.9493,0.84063,0
-1.5798,9.5582,0.51078,0
-2.2842,9.2126,1.0604,0
-3.0915,11.316,1.2653,0
-1.6098,12.319,1.6649,0
0.72622,11.521,1.0671,0
2.2747,10.578,1.8398,0
2.3506,9.7206,2.6767,0
2.2724,9.2577,2.4976,0
2.3909,9.068,2.2841,0
2.2456,9.6385,2.0042,0
1.9274,10.221,1.7059,0
2.0183,10.29,1.4123,0
1.8087,10.661,1.0489,0
1.0009,10.318,0.83272,0
0.074444,9.5387,0.99853,0
0.038919,8.9146,1.0683,0
0.24496,8.3696,1.1696,0
0.72003,8.1458,0.85963,0
1.0743,8.6241,0.14293,0
1.1318,8.749,-0.45341,0
1.2654,8.7564,-0.63282,0
1.1442,8.6227,-0.58549,0
0.62497,8.4731,-0.46325,0
0.095482,8.1409,-0.077239,0
0.12925,7.899,-0.43857,0
0.49682,7.6582,-1.3496,0
0.83239,7.1871,-1.9362,0
0.67484,6.8809,-2.1256,0
0.051099,6.8396,-2.0951,0
-0.62676,6.8599,-1.8616,0
-1.2991,6.8951,-1.4855,0
-1.5805,7.0835,-1.999,0
-1.8844,8.2733,-2.9947,0
-2.149,9.7834,-3.8434,0
-2.3948,10.79,-3.8561,0
-2.2728,11.919,-3.0933,0
-1.0283,11.935,-3.1276,0
0.085708,10.951,-3.1809,0
0.50771,9.0138,-3.1694,0
-0.16999,7.6859,-3.3699,0
-0.95678,6.5076,-3.1973,0
-1.2257,6.6271,-2.8127,0
-0.52859,7.7611,-2.4869,0
0.40861,11.03,-1.8627,0
1.7974,12.816,-0.98352,0
1.6492,12.877,-1.3023,0
0.90726,11.043,-2.1313,0
0.052885,7.6247,-1.5071,0
-0.90686,6.0066,-0.34223,0
-0.97757,5.7466,0.26365,0
-1.1757,6.6601,0.45343,0
-1.8401,9.0658,0.96569,0
-2.7024,11.206,1.4566,0
-2.4928,11.381,0.8405,0
-1.2535,9.9659,0.44584,0
0.47738,8.3267,0.073601,0
1.4923,7.2227,0.78622,0
1.0181,7.189,1.1688,0
0.18732,8.3516,1.1455,0
-0.24874,9.2595,0.83059,0
-0.29012,9.1142,1.0836,0
-0.61575,8.5811,1.2792,0
-0.7764,8.5085,1.2574,0
-0.50815,8.9673,0.82869,0
0.14304,9.3571,0.84245,0
0.76047,9.4206,0.79729,0
1.2553,9.169,0.68917,0
1.4987,8.9849,0.65952,0
0.90346,8.9752,0.88536,0
-0.058634,9.4284,1.0816,0
-0.70441,9.6196,1.1089,0
-1.1926,9.4043,1.108,0
-1.3011,9.5365,1.0724,0
-0.40631,9.3162,1.4604,0
0.32687,9.3055,1.6628,0
0.62569,9.5065,1.592,0
0.32947,9.9687,0.96371,0
0.13481,10.29,0.78488,0
-0.54244,10.214,1.2283,0
-2.1004,10.385,1.4061,0
-3.191,11.368,1.0025,0
-2.557,10.845,1.0483,0
-1.1552,10.775,0.61253,0
0.40258,10.046,1.0743,0
1.2552,8.9796,1.4057,0
2.1028,8.5876,1.4041,0
2.481,8.7899,1.1386,0
2.0735,9.516,0.82783,0
0.70836,10.338,0.76581,0
-0.11963,10.711,0.44872,0
-0.13053,11.135,0.18541,0
0.27691,10.928,0.11638,0
0.51103,9.951,0.0044991,0
0.57672,9.4235,-0.26779,0
0.73849,8.8051,-0.087042,0
0.4946,8.4642,0.21589,0
0.4023,7.9653,0.023211,0
0.38503,7.6337,-1.1171,0
0.34548,7.3529,-1.4812,0
0.40001,7.1321,-1.2126,0
0.53973,6.9458,-0.92689,0
0.43245,6.6481,-1.0223,0
0.16553,6.4701,-1.3951,0
-0.104,6.5178,-1.7437,0
-0.517,6.8411,-1.8519,0
-0.88812,7.1777,-2.0122,0
-1.0444,7.5683,-2.7026,0
-1.2015,8.3869,-3.9276,0
-1.8505,9.7138,-4.5812,0
-2.6369,10.865,-4.3752,0
-2.9127,11.601,-3.3709,0
-2.1761,10.747,-2.5331,0
-0.82498,9.2563,-2.4535,0
0.66956,8.0362,-3.295,0
1.4973,10.527,-3.8459,0
1.6925,14.448,-2.0027,0
2.0492,13.994,0.65116,0
1.7033,9.1718,0.52647,0
1.4318,4.8516,-0.33985,0
-0.31383,4.2401,0.27855,0
-1.2357,6.2088,1.1732,0
-1.2129,8.329,0.96505,0
-0.77491,9.8942,0.50667,0
-0.60765,10.248,0.88298,0
-0.26055,9.7876,1.5618,0
0.36435,9.1288,1.4558,0
0.71595,8.3236,1.0544,0
0.46453,8.1795,1.1829,0
0.63145,8.7736,1.3909,0
0.70588,9.2709,1.2786,0
0.62047,9.6032,0.75449,0
-0.68935,9.5771,0.867,0
-1.5405,9.4214,1.5909,0
-1.4065,9.3895,1.7492,0
-0.53403,9.4891,1.4855,0
0.049575,9.7162,1.1589,0
0.18198,9.4862,0.81052,0
0.36668,9.1621,0.84803,0
0.52302,8.8182,1.0826,0
0.48343,8.5975,1.53,0
0.3104,8.8942,1.4939,0
0.37537,9.1236,1.4528,0
0.030641,9.1592,1.2088,0
-0.73274,8.963,1.19,0
-1.1009,8.6993,1.3629,0
-1.1119,8.9083,1.3982,0
-0.73215,9.2053,1.1255,0
-0.35293,9.571,0.88509,0
-0.58939,10.012,1.2157,0
-1.7212,11.11,1.5325,0
-1.8412,10.967,1.3858,0
-1.1176,10.48,0.69609,0
-0.085417,10.206,0.26968,0
0.51636,9.1295,0.69744,0
1.5211,8.8464,1.1091,0
2.5965,10.303,1.3291,0
3.1962,11.15,1.6139,0
2.4207,10.917,1.2838,0
1.6344,10.916,0.8076,0
1.2939,11.416,0.20055,0
1.2304,11.635,-0.12265,0
1.1273,10.631,-0.12326,0
0.74543,9.1351,0.18145,0
0.43362,8.2313,0.33717,0
0.20204,7.9614,0.29809,0
0.45066,7.7796,-0.036753,0
0.51179,7.7796,-0.94727,0
0.27425,7.6022,-1.6671,0
0.36954,6.8972,-1.9309,0
0.78627,6.1601,-1.3311,0
0.59896,5.9772,-0.50282,0
-0.096419,6.0552,-0.4456,0
-0.5734,6.686,-0.93631,0
-0.51598,7.6408,-1.9455,0
-0.51668,8.1436,-3.0659,0
-0.71587,8.3628,-3.6761,0
-1.4781,8.8426,-3.681,0
-2.5873,9.8887,-3.3524,0
-2.6564,10.858,-3.0551,0
-1.7142,11.035,-3.1323,0
-0.48043,9.9208,-3.2912,0
0.00059875,8.2171,-2.9789,0
0.24326,7.2343,-2.8371,0
0.75255,9.8722,-2.5594,0
1.3608,14.6,-1.8066,0
3.0192,14.49,-0.27871,0
2.9166,9.8992,-0.6877,0
1.39,5.8781,-0.84292,0
-0.14287,4.5091,0.46396,0
-1.7254,5.6267,1.0248,0
-1.5961,7.835,0.61593,0
-0.8832,10.008,0.17296,0
-0.30302,11.009,0.74811,0
-0.64759,10.562,1.3785,0
-0.18145,8.9484,1.2736,0
0.40109,7.9757,0.80936,0
0.387,7.881,0.6197,0
0.08583,8.4151,1.0218,0
-0.37947,8.9317,1.0378,0
-0.68684,8.9745,0.2543,0
-1.0708,8.6149,0.44314,0
-1.8665,8.2585,0.89464,0
-1.717,8.6238,1.0598,0
-1.1023,9.2758,1.25,0
0.14134,9.3109,1.3406,0
1.0071,9.0691,1.2723,0
1.0991,9.1591,1.5578,0
0.93723,9.7384,1.6715,0
0.8366,10.427,1.6008,0
0.62319,10.621,1.5382,0
0.041859,10.009,1.5933,0
-0.79536,9.2846,1.3903,0
-1.1709,8.951,1.1544,0
-1.0928,8.7581,1.0724,0
-0.98564,9.096,1.2522,0
-0.86395,9.4872,1.0284,0
-1.6273,10.41,1.2895,0
-2.1362,11.591,1.8349,0
-1.5662,11.459,1.7218,0
0.099105,11.49,1.0537,0
1.0666,10.394,1.1434,0
1.6523,8.596,1.3576,0
2.4333,8.3498,1.5276,0
3.4858,9.6467,1.0759,0
3.4563,9.858,1.1197,0
2.075,9.6695,1.2762,0
1.1178,10.329,0.91027,0
1.3475,11.05,0.37059,0
1.6023,10.585,0.099061,0
1.3536,9.5139,0.14973,0
0.81282,8.5144,-0.013929,0
0.55023,8.1245,-0.13374,0
0.30046,8.1106,-0.083938,0
0.24661,8.1557,-0.48552,0
0.61322,8.1671,-0.9581,0
0.95523,7.916,-1.4568,0
0.907,7.4756,-1.3239,0
0.58094,6.6309,-1.0091,0
-0.1746,6.1342,-1.1861,0
-0.63682,6.0029,-1.5612,0
-0.93849,6.3161,-1.8631,0
-1.1144,6.6869,-2.1689,0
-1.1196,7.2423,-2.8765,0
-1.1587,8.1094,-3.85,0
-1.6354,9.3529,-4.6256,0
-2.3273,11.021,-4.7758,0
-2.4107,11.706,-3.8113,0
-1.3711,10.799,-3.0437,0
-0.36854,9.3222,-3.2108,0
-0.17296,7.793,-3.2894,0
0.48171,7.7599,-3.834,0
0.053482,12.683,-4.3096,0
0.20133,16.543,-1.3799,0
1.6344,12.916,0.74594,0
2.3249,6.7167,-0.60236,0
1.5504,3.3202,-0.88433,0
-0.1049,3.9401,0.8189,0
-1.6731,7.8131,1.4411,0
-1.801,10.776,1.2695,0
-1.0878,11.481,1.3763,0
-0.51591,10.457,1.1407,0
0.13408,9.1488,0.71414,0
0.57061,8.6293,0.64247,0
0.49946,8.3298,0.29435,0
0.15143,8.29,0.10546,0
0.051737,8.546,0.58694,0
-0.26243,8.8443,0.62704,0
-1.0182,8.9974,1.0222,0
-1.8813,8.8101,1.6813,0
-1.978,8.6141,1.2571,0
-1.1884,8.6793,0.56903,0
-0.14438,8.5749,0.45925,0
0.52583,8.6956,0.38448,0
0.95016,8.4869,1.1691,0
0.97239,8.4862,1.8035,0
1.0086,9.3766,1.8057,0
0.81782,10.195,1.4731,0
0.10335,10.418,0.98514,0
-0.92081,10.507,0.93117,0
-1.5045,10.159,1.2876,0
-1.4722,9.9339,1.2081,0
-1.4481,10.046,0.88344,0
-1.1191,10.019,0.59104,0
-1.3254,9.8496,0.57348,0
-2.1451,10.467,0.87519,0
-2.5053,11.459,1.0375,0
-1.7383,11.163,0.9336,0
-0.9968,11.496,0.67269,0
0.15891,10.708,1.1252,0
1.3793,9.1181,1.5069,0
2.1305,8.221,1.1972,0
1.8199,8.2393,1.0543,0
0.37679,9.576,0.86637,0
-0.57588,10.578,0.87976,0
-0.60615,10.732,0.72589,0
0.0825,10.728,0.43614,0
0.33503,10.309,0.23978,0
-0.024725,9.4534,0.22932,0
0.041216,8.8584,0.65085,0
0.17413,8.7015,0.57858,0
0.20654,8.2924,0.28694,0
0.26789,7.8256,-0.29476,0
0.31354,7.901,-0.70312,0
0.51861,7.807,-0.71979,0
0.74176,7.2729,-0.5258,0
0.69466,6.8176,-0.35836,0
0.24359,6.6481,-0.42421,0
-0.049476,6.6418,-0.7854,0
-0.20546,7.0125,-0.99188,0
-0.061662,7.4192,-1.2939,0
-0.0027562,7.9032,-2.1087,0
-0.077247,8.5508,-3.2423,0
-0.59259,9.5345,-4.2009,0
-1.6017,10.918,-4.2507,0
-2.1736,12.018,-3.4259,0
-1.8129,11.244,-2.9888,0
-1.2157,9.2977,-3.1612,0
-0.56498,7.5307,-2.989,0
0.5786,7.1372,-2.9129,0
1.5527,11.063,-2.6739,0
1.7529,14.141,-0.94851,0
3.2003,11.728,0.22528,0
3.5928,9.0587,-1.9181,0
2.119,6.3761,-1.6208,0
-0.083899,5.8028,0.72925,0
-1.437,6.9162,2.3061,0
-1.1851,8.9119,1.9252,0
-0.064411,10.451,1.0703,0
-0.83476,9.9488,0.4133,0
-0.65839,9.4571,0.072492,0
0.0046977,9.1188,-0.077239,0
0.60301,8.2993,-0.34548,0
0.0097373,8.1774,-0.065695,0
-1.0141,8.8167,0.53668,0
-1.37,9.1119,0.37555,0
-1.5562,8.8875,0.16704,0
-1.7607,8.8923,-0.16997,0
-1.5042,9.0355,-0.14153,0
-0.88021,9.0202,0.092912,0
-0.20073,8.8842,0.44111,0
0.54208,8.7485,1.0116,0
0.96422,8.6956,1.4813,0
0.95013,8.4992,1.7014,0
0.61039,8.9728,1.2956,0
0.23228,9.3796,0.77524,0
-0.43187,9.3134,1.0469,0
-0.76581,9.4204,1.5655,0
-0.24576,9.6886,1.6472,0
0.18614,9.8134,1.3084,0
0.32676,10.022,1.0724,0
0.095347,10.045,1.1535,0
-0.24649,10.329,0.97327,0
-0.65202,10.396,0.28388,0
-1.1741,9.9999,0.028927,0
-2.4621,10.448,0.82815,0
-2.8043,10.869,1.5219,0
-1.3946,10.317,0.96888,0
0.3765,10.469,0.18885,0
1.9946,9.631,0.50037,0
2.3991,8.783,1.2952,0
1.8593,8.7949,1.4594,0
1.1306,9.6081,1.4376,0
0.65154,10.625,1.0404,0
0.82712,11.432,0.37048,0
1.3581,11.831,-0.093556,0
1.541,10.753,-0.41452,0
0.87834,9.5631,-0.44996,0
0.19045,8.7775,-0.19549,0
-0.19184,8.3119,0.10763,0
-0.27939,8.0644,-0.30235,0
-0.32005,7.8744,-0.65407,0
-0.20045,8.145,-0.86362,0
-0.077989,8.3902,-1.071,0
0.21937,7.9705,-0.97881,0
0.34329,7.1659,-1.101,0
-0.10869,6.3291,-1.6045,0
-0.66819,6.0232,-1.7612,0
-1.0193,6.2644,-1.9097,0
-1.0192,6.7948,-2.2329,0
-0.83644,7.0851,-2.701,0
-1.2088,7.2753,-3.2395,0
-1.9396,8.348,-3.4576,0
-2.864,9.5234,-3.7604,0
-3.2201,10.628,-3.3254,0
-2.9742,11.343,-2.8957,0
-1.9328,11.053,-2.6562,0
-0.60182,9.7914,-2.8821,0
0.48238,8.1545,-2.9102,0
1.4063,7.4658,-2.8835,0
1.0784,11.498,-2.4765,0
1.4771,14.689,-0.54363,0
2.4343,12.595,-0.34615,0
2.5796,8.4827,-2.1334,0
1.0329,5.3778,-1.6178,0
-1.1298,5.0802,0.30112,0
-2.6321,6.9188,1.5208,0
-2.6628,9.0481,1.3338,0
-2.2962,9.8489,0.67898,0
-1.3337,9.8602,0.44117,0
-0.35612,9.4776,0.18306,0
0.41631,8.2894,-0.013039,0
0.46153,6.9371,0.12525,0
0.51751,7.2783,1.0765,0
0.40346,8.8087,1.4002,0
0.57067,10.338,0.41716,0
0.50722,11.595,-0.17318,0
-0.24738,10.591,-0.51206,0
-1.1626,8.7167,-0.39305,0
-1.4802,8.0862,0.21056,0
-1.0616,8.122,0.74073,0
-0.18193,8.0383,1.3309,0
0.62185,8.228,1.6035,0
1.1529,9.0981,1.5295,0
1.4304,9.615,1.4503,0
1.1757,9.6605,1.5898,0
0.96012,9.6581,1.9632,0
0.6968,9.5807,2.3854,0
0.64611,9.775,1.9985,0
0.20295,9.8003,1.3617,0
-0.50342,9.6532,0.98365,0
-0.98562,10.09,1.0573,0
-1.7999,10.901,1.1782,0
-2.7968,11.726,1.1869,0
-2.6742,11.279,0.79778,0
-2.0115,10.501,-0.057871,0
-1.2784,10.298,0.054762,0
-0.22497,9.7552,0.78148,0
0.78886,8.8561,1.2177,0
1.8022,8.3793,1.1528,0
2.4353,8.8199,0.7925,0
2.3167,10.074,0.65085,0
1.2475,10.827,0.86928,0
0.83339,10.715,0.51862,0
0.5775,10.742,0.18382,0
0.60509,10.497,-0.059964,0
0.38287,9.6994,-0.3137,0
0.29113,8.9048,-0.37375,0
0.38683,8.3712,-0.34851,0
0.37862,8.2498,-0.17459,0
0.56849,8.222,-0.47447,0
1.0343,7.8702,-1.1111,0
1.4296,7.3139,-1.2102,0
1.364,6.7405,-0.81698,0
1.1551,6.1813,-0.65946,0
0.79874,6.2515,-0.76236,0
0.56785,6.2723,-0.96616,0
0.13478,6.3322,-1.488,0
-0.3867,6.5273,-2.1941,0
-0.75594,7.7877,-3.0559,0
-1.1099,9.539,-4.0412,0
-1.4325,11.243,-4.793,0
-1.1592,12.727,-5.0543,0
-1.1791,11.766,-4.297,0
-1.0267,9.9023,-3.6162,0
-0.74075,7.8017,-3.0294,0
0.21477,6.7555,-2.8746,0
0.96864,10.075,-2.7107,0
0.72195,13.999,-1.5349,0
2.0138,13.411,0.56051,0
2.8383,9.226,-1.2367,0
2.0335,4.7736,-2.2364,0
-0.30178,3.925,-0.73096,0
-2.165,5.6368,0.71713,0
-2.7602,8.5075,0.68745,0
-2.7844,11.308,0.68854,0
-2.1438,11.839,1.1865,0
-1.0188,9.8429,0.33513,0
0.53209,8.1264,-0.39826,0
1.0352,7.8811,-0.19321,0
1.024,8.3948,0.7067,0
0.97651,8.7068,1.486,0
0.98825,8.9625,1.2914,0
0.56252,8.7781,0.80788,0
-0.5309,9.0061,1.1053,0
-1.2885,9.1194,1.0117,0
-1.5705,8.9597,0.64534,0
-1.347,8.892,0.7605,0
-0.43522,8.8608,0.82865,0
0.37239,8.8562,1.1101,0
0.84062,8.8143,1.5645,0
1.1692,8.8143,1.5395,0
1.3552,9.3028,1.1538,0
1.2279,9.8255,0.96397,0
0.27995,10.193,1.1956,0
-0.83204,9.9228,1.5812,0
-1.1333,9.6641,1.1649,0
-0.89531,9.8556,0.86623,0
-1.37,10.393,0.96771,0
-2.3735,11.338,1.2426,0
-2.716,11.561,1.4785,0
-2.0487,10.638,1.0655,0
-1.0248,10.597,0.27786,0
-0.05941,10.496,0.71563,0
0.58832,9.3737,1.0699,0
1.5513,8.4796,1.0573,0
2.1565,8.3644,0.96494,0
1.8401,9.3121,0.78225,0
1.1517,10.161,0.99006,0
0.69036,10.244,0.88462,0
0.96613,10.467,0.60715,0
1.2555,10.797,0.27762,0
1.2272,10.465,-0.22657,0
0.43506,9.6998,-0.60495,0
-0.056632,8.9327,-0.36739,0
-0.076042,8.4944,-0.15388,0
0.10612,8.6132,-0.44534,0
0.85077,8.7498,-0.88725,0
1.4135,8.4962,-0.91988,0
1.7131,7.7882,-0.76701,0
1.7266,6.8882,-0.8405,0
1.5867,6.3816,-1.0722,0
1.1499,6.2193,-1.2652,0
0.69055,6.0808,-1.4694,0
0.22349,6.0901,-2.1989,0
-0.52503,6.1723,-2.662,0
-1.0576,6.7534,-3.2856,0
-1.2728,8.1539,-4.0949,0
-1.4036,9.7796,-4.6684,0
-1.4909,11.376,-4.8378,0
-1.3459,11.981,-4.2524,0
-0.70343,10.751,-3.6274,0
-0.061217,9.1011,-3.4939,0
0.3527,7.7562,-3.4422,0
0.69229,7.3567,-3.3929,0
0.91452,9.683,-3.915,0
-0.069245,15.033,-3.0956,0
0.55382,14.435,0.32875,0
1.7813,10.277,0.3472,0
2.22,5.6449,-1.3594,0
0.90303,3.687,-1.4242,0
-1.0108,4.8682,-0.031366,0
-2.1732,8.5505,0.60079,0
-1.9537,11.271,0.88928,0
-1.3567,11.215,1.2363,0
-1.1928,9.751,1.1272,0
-0.40865,8.6804,0.61901,0
0.5696,8.0209,0.21344,0
0.66231,7.989,-0.16791,0
0.40459,8.8182,0.60949,0
0.18086,9.3678,1.0014,0
0.069715,9.4199,0.9118,0
-0.28104,9.0222,0.82137,0
-0.94523,8.3607,0.91317,0
-1.2931,8.2048,0.87754,0
-1.5098,8.7725,0.80529,0
-1.0078,9.0738,0.41036,0
-0.43086,9.0275,-0.026737,0
-0.14468,9.1592,0.21662,0
0.05028,9.1819,0.88365,0
0.34868,9.1523,1.0933,0
0.8471,8.9014,1.1711,0
1.1117,9.0823,1.3788,0
0.69584,9.7471,1.5804,0
0.19518,9.9146,1.351,0
-0.16276,9.473,0.76622,0
-0.69096,9.4288,0.53624,0
-0.96298,9.6264,0.58334,0
-1.2257,9.9266,0.54395,0
-1.3044,10.117,0.3542,0
-1.5877,10.152,0.69426,0
-2.1904,10.878,0.99539,0
-2.1732,11.594,0.83846,0
-1.0841,11.65,0.95751,0
0.55262,11.218,0.79436,0
1.6973,9.7592,1.2167,0
2.0865,8.5403,1.3898,0
2.3928,8.8779,1.2482,0
2.1579,9.7722,1.2549,0
1.4408,9.9962,1.0603,0
0.84364,10.028,0.81691,0
1.0531,10.365,0.45763,0
1.3335,10.095,0.069357,0
1.1032,9.3687,-0.34984,0
0.83454,8.6273,-0.43673,0
0.62913,7.8856,-0.3838,0
0.53708,7.6647,-0.47521,0
0.77186,7.6949,-0.81828,0
0.97113,7.4668,-1.2189,0
1.2833,7.2653,-1.6989,0
1.2484,7.0119,-1.8951,0
1.1173,6.6444,-1.8071,0
0.95073,6.6148,-2.0545,0
0.5161,6.8405,-2.1271,0
0.14077,7.0904,-2.4798,0
-0.024187,7.233,-2.8126,0
-0.14549,7.5402,-3.2076,0
-0.19303,8.4932,-3.6765,0
-0.38263,9.5809,-4.1265,0
-0.52632,10.801,-4.1456,0
0.005423,11.267,-3.5117,0
0.52261,10.997,-3.0755,0
1.102,9.7283,-2.6788,0
1.2268,7.8532,-2.7267,0
1.3542,7.2792,-3.1,0
1.9202,9.88,-3.3557,0
1.7421,13.414,-2.3106,0
2.1515,12.816,-0.63631,0
2.2937,8.9224,-0.96134,0
1.9792,6.3224,-1.7934,0
1.0604,5.6192,-0.96868,0
0.29105,6.5876,-0.059105,0
-0.15018,8.4939,-0.26634,0
-0.41202,9.6055,-0.17415,0
-1.249,9.7554,-0.0050845,0
-2.0065,9.5574,0.50134,0
-1.961,9.2091,0.94576,0
-0.88173,8.8794,0.5431,0
-0.2719,8.4609,-0.32419,0
-0.17687,8.4331,-0.45841,0
-0.15268,8.9159,-0.16168,0
0.15988,9.2425,-0.019926,0
0.47906,9.019,0.15542,0
0.45663,8.6936,0.58183,0
0.098168,8.4772,1.0488,0
-0.082853,8.6578,1.1805,0
-0.46916,9.064,0.75093,0
-0.56618,9.3276,0.32733,0
-0.2728,9.0822,0.092345,0
-0.059851,8.974,0.088995,0
0.19031,9.1563,0.25424,0
0.25887,9.3458,0.54414,0
0.25693,9.539,1.1159,0
0.37683,10.281,1.1072,0
0.12052,10.5,1.012,0
-0.37721,10.439,0.83494,0
-1.0289,10.234,0.60625,0
-1.0346,9.9268,-0.03613,0
-0.98355,9.7333,-0.022877,0
-1.9248,10.532,0.75132,0
-2.8375,11.642,1.2501,0
-2.4756,11.461,0.40985,0
-1.0259,11.511,-0.37567,0
0.50401,10.478,0.0084718,0
1.3386,8.879,0.69208,0
1.9193,8.4037,0.91361,0
1.5721,9.0051,0.74693,0
0.84473,9.8192,0.38111,0
0.015488,9.8111,0.089954,0
-0.15268,9.8427,-0.17672,0
-0.13151,9.5675,0.067467,0
-0.2536,8.9344,-0.014645,0
-0.089849,8.453,0.030818,0
0.26226,8.3927,0.20687,0
0.66568,8.4413,0.33065,0
0.84364,8.6227,0.088828,0
0.9659,8.89,-0.13836,0
1.2156,8.8738,-0.3101,0
1.6215,8.9887,-0.29189,0
1.7541,8.4892,0.011673,0
1.3294,7.9226,-0.14403,0
0.68487,7.5888,-0.58167,0
0.4779,7.4731,-1.3052,0
-0.020851,7.5129,-2.1764,0
-0.45186,7.4773,-2.3733,0
-0.81085,6.9863,-2.7693,0
-1.4716,6.4898,-3.5778,0
-2.4652,6.8026,-3.5478,0
-3.5883,8.2402,-3.1739,0
-3.8465,10.216,-2.8828,0
-3.6221,11.612,-3.1193,0
-2.7287,11.04,-4.3617,0
-1.6133,9.4002,-4.4457,0
-0.64581,7.327,-3.5105,0
0.14767,6.9582,-2.7575,0
-0.46454,13.34,-1.9327,0
-0.44513,17.546,0.75908,0
1.7667,13.117,1.249,0
3.3696,6.9501,-1.1858,0
2.4864,2.6735,-1.0459,0
-0.28301,3.6079,1.0136,0
-1.7676,7.7082,1.7058,0
-2.0154,11.466,1.2728,0
-1.749,12.171,0.71724,0
-1.201,10.396,0.31866,0
-0.19203,8.7124,-0.058867,0
0.31935,7.325,-0.16607,0
0.040342,6.9754,-0.1922,0
-0.5375,8.0014,0.63453,0
-0.84572,9.1644,0.81067,0
-0.62807,9.752,0.32027,0
-0.611,9.5178,0.080628,0
-0.48954,8.8651,0.35231,0
-0.37013,8.6227,0.50736,0
-0.059194,8.8051,0.59873,0
0.0036862,8.8204,0.6799,0
0.24429,8.4832,1.1905,0
0.14614,8.5073,1.7006,0
0.1922,8.9336,1.5939,0
0.12138,9.4337,0.95981,0
0.35123,9.9948,0.76526,0
0.61711,10.319,1.2215,0
0.45892,10.085,1.7549,0
-0.34554,9.7681,1.572,0
-1.0229,9.8063,1.0903,0
-1.3842,10.306,0.96267,0
-1.8798,11.012,1.2845,0
-2.4853,11.56,1.6645,0
-2.2566,10.863,1.539,0
-1.2462,10.534,0.77015,0
-0.62069,10.7,0.77465,0
0.22958,9.6358,1.0263,0
1.5437,8.5394,0.79086,0
2.4082,8.5512,0.56419,0
2.3623,9.1162,0.68608,0
1.2081,9.9133,1.0956,0
0.20926,10.08,0.88835,0
0.34592,10.166,0.60245,0
0.7154,10.389,0.23929,0
0.88197,9.9194,-0.20641,0
0.41546,9.3751,-0.56079,0
0.16763,9.2437,-0.50958,0
0.078239,8.7093,-0.48532,0
-0.11436,8.4052,-0.69143,0
-0.0075252,8.4996,-0.69307,0
0.38041,8.3265,-0.92388,0
0.50783,7.9817,-1.1119,0
0.38883,7.1251,-1.0403,0
0.34548,6.4174,-1.0643,0
0.30716,5.885,-1.2279,0
0.30716,5.7601,-1.5778,0
0.060204,5.6654,-2.116,0
-0.39853,5.981,-2.7802,0
-0.76936,6.834,-3.2997,0
-1.614,8.6318,-4.0573,0
-2.2709,10.852,-4.5984,0
-2.0629,12.708,-4.3791,0
-1.6832,12.517,-3.7467,0
-1.505,10.697,-3.5316,0
-0.7773,8.7187,-2.903,0
0.23327,7.2115,-2.4049,0
1.2238,8.7391,-2.7445,0
1.2934,12.833,-1.9022,0
2.1849,12.996,-0.12551,0
2.5625,11.134,-1.1467,0
1.8343,8.0251,-2.1608,0
0.21425,5.8478,-0.8815,0
-1.3936,6.0876,0.57706,0
-2.0181,7.271,1.2285,0
-1.7456,9.1243,0.69707,0
-1.9709,10.233,0.6059,0
-2.053,10.206,0.44984,0
-1.0947,9.4504,-0.16847,0
0.51865,8.4149,-0.44892,0
0.77357,8.1517,-0.23458,0
0.45479,8.4916,0.29225,0
0.2155,8.8751,0.38222,0
0.025118,9.0963,0.45925,0
-0.54415,8.9872,0.42714,0
-1.187,8.8014,0.5103,0
-1.5247,8.9816,0.3639,0
-1.3632,9.0825,-0.13919,0
-0.86134,8.8267,-0.30986,0
-0.65085,8.609,0.19156,0
-0.75154,8.8162,0.67882,0
-0.60023,8.8223,0.72134,0
-0.036037,8.7379,0.53659,0
0.47799,8.8795,0.84854,0
0.50361,9.2866,1.2257,0
-0.070701,9.837,0.97594,0
-0.41417,10.149,0.91774,0
-0.55317,10.231,0.97594,0
-0.76169,10.347,0.88012,0
-0.88305,10.242,0.50503,0
-1.2686,10.229,0.35102,0
-1.7418,10.362,0.29918,0
-2.3739,10.337,0.4376,0
-2.9233,10.551,0.38307,0
-2.412,10.513,0.41259,0
-1.4586,10.359,0.50257,0
0.042394,9.7106,0.66488,0
1.5604,8.7659,1.1849,0
2.4167,8.5556,1.0532,0
2.6655,10.096,0.80762,0
1.7899,11.484,0.89337,0
0.53608,11.348,0.53514,0
-0.38138,10.791,-0.66072,0
-0.70243,10.519,-1.3206,0
-0.9307,9.4718,-0.93539,0
-0.94889,8.5247,-0.77126,0
-0.46261,7.7232,-0.4469,0
0.27228,7.666,0.03471,0
0.62341,7.8468,-0.27853,0
0.86105,8.1983,-0.74188,0
0.84654,8.1863,-0.98952,0
0.61653,7.7091,-0.73205,0
0.36773,6.9712,-0.32941,0
0.1862,6.5474,-0.51077,0
0.011132,6.3167,-1.0554,0
-0.17847,6.2851,-1.6158,0
-0.35996,6.5325,-2.002,0
-0.4562,7.3392,-2.4494,0
-0.83108,8.5233,-3.2471,0
-1.647,9.8808,-3.9333,0
-2.3681,11.624,-4.0789,0
-2.4665,12.541,-3.1483,0
-1.9462,11.456,-2.6917,0
-1.3461,9.6515,-2.9274,0
-0.91755,7.6525,-3.2756,0
0.063339,7.749,-3.513,0
-0.03002,12.317,-3.0203,0
0.025763,14.912,-0.15618,0
1.9447,12.135,1.4565,0
2.2404,8.5674,-1.2677,0
1.3722,5.3779,-1.5461,0
-0.33883,4.573,-0.32859,0
-1.5347,5.7768,0.50613,0
-1.7725,8.3624,1.188,0
-2.105,10.303,1.2265,0
-2.1554,11.371,1.4069,0
-0.90959,10.899,1.681,0
0.61493,8.8755,0.74869,0
1.4017,7.5193,0.1758,0
1.0973,7.6458,0.42921,0
0.38765,8.7473,1.1476,0
-0.10285,9.1157,1.0839,0
-0.48996,8.804,0.82202,0
-0.89702,8.6869,1.1528,0
-1.3439,8.8026,1.5089,0
-1.2872,8.9729,1.1455,0
-0.76779,9.0059,0.54874,0
-0.059816,9.1307,0.40757,0
0.61925,9.0313,0.58713,0
0.9432,8.9637,1.1453,0
0.77784,8.9155,1.4968,0
0.70567,9.1671,1.4324,0
0.59602,9.9797,1.1834,0
0.59137,10.472,1.1778,0
0.18878,9.9074,0.99402,0
-0.50154,9.1693,0.77792,0
-1.2447,9.2193,0.82189,0
-1.5443,9.842,0.99835,0
-1.0769,10.291,0.95375,0
-0.76581,10.328,0.64978,0
-1.565,10.366,1.0024,0
-2.9696,11.479,1.1867,0
-2.7886,11.459,1.0251,0
-1.7932,10.661,0.84627,0
-0.52196,9.7282,0.44699,0
1.025,8.2877,0.57229,0
1.9357,8.2823,1.0814,0
2.6096,9.343,1.2987,0
2.3411,10.479,1.3675,0
1.3311,11.156,0.88255,0
0.60855,11.382,0.065688,0
0.36834,11.196,-0.47655,0
0.19671,10.401,-0.56413,0
0.04902,9.6181,-0.404,0
0.23478,8.8057,-0.18794,0
0.32633,8.3161,0.0042243,0
0.33236,7.9001,0.133,0
0.30074,7.8051,-0.40881,0
0.49876,7.7363,-1.1527,0
0.46165,7.5039,-1.1391,0
0.46683,6.8551,-0.74464,0
0.38591,6.2591,-0.58946,0
0.10979,5.7103,-0.6996,0
-0.13801,5.7826,-1.1105,0
-0.59897,6.252,-1.6138,0
-1.0532,7.0037,-2.2903,0
-1.1487,8.2681,-3.2888,0
-1.4684,9.9869,-4.2337,0
-2.1931,11.559,-4.4544,0
-2.2319,12.272,-3.6615,0
-2.0014,11.572,-3.2672,0
-1.2819,9.8673,-2.8876,0
-0.36272,7.9631,-2.5348,0
1.0196,7.7143,-2.7474,0
1.0285,12.712,-3.8592,0
0.92972,16.087,-1.34,0
1.6859,12.129,0.34113,0
1.8017,7.1294,-1.3568,0
1.1634,3.6131,-1.5854,0
-0.63419,4.1623,-0.17053,0
-1.8312,7.1884,0.86186,0
-2.3215,10.297,1.057,0
-2.1127,11.242,1.1044,0
-1.802,9.9578,1.3192,0
-0.86972,8.9014,0.92875,0
0.77811,8.3459,0.23123,0
1.2329,7.9572,-0.33517,0
0.49364,7.9976,0.03262,0
-0.44004,8.8166,0.76581,0
-0.45256,9.1592,0.62701,0
-0.29682,9.1008,0.64345,0
-0.75121,8.7267,0.81325,0
-1.2349,8.5911,0.97719,0
-1.1714,9.0192,0.67841,0
-0.76588,9.3647,0.0029801,0
-0.28149,9.3535,-0.52324,0
-0.11436,8.8633,0.054684,0
-0.13179,8.4694,1.2606,0
-0.015863,8.8251,1.8442,0
0.41142,9.1538,1.6908,0
0.75102,9.5982,1.5002,0
0.75912,10.079,1.7775,0
0.35441,10.161,1.8005,0
-0.26519,9.4415,1.588,0
-0.87442,9.0642,1.4482,0
-1.1107,9.0802,0.95976,0
-0.88194,9.5795,0.64342,0
-0.47078,9.9265,0.80506,0
-0.70156,10.16,1.0158,0
-2.0047,10.947,1.1746,0
-2.4359,11.033,0.97337,0
-2.2695,10.396,0.68382,0
-1.4554,10.39,0.56063,0
-0.028809,10.257,1.3316,0
1.6685,9.0462,1.5101,0
3.1206,8.1429,1.2957,0
3.4107,8.353,1.3784,0
3.1886,9.3702,1.3137,0
2.4385,10.028,1.0629,0
1.6935,10.461,0.66277,0
1.3168,10.794,0.02785,0
1.2356,11.069,-0.0066988,0
0.99018,10.623,-0.45299,0
0.79223,9.846,-0.97267,0
0.84019,8.9238,-0.89061,0
0.57429,8.2226,-0.15166,0
0.33063,8.08,0.11293,0
0.53434,7.8833,-0.79802,0
1.1204,7.5503,-1.5468,0
1.2692,6.9825,-1.4202,0
1.2375,6.255,-1.0987,0
0.97786,6.0009,-1.3193,0
0.75588,5.9223,-1.6842,0
0.02852,6.1506,-2.1055,0
-1.1808,6.6771,-3.0223,0
-1.9766,7.6031,-3.5088,0
-2.3041,9.3202,-3.5562,0
-2.5565,10.502,-3.5601,0
-1.8902,10.556,-3.3831,0
-0.90899,10.48,-3.4111,0
-0.51624,10.375,-3.3531,0
-0.19543,9.9316,-3.2212,0
0.24452,8.9639,-3.0279,0
0.74374,7.6165,-3.0279,0
1.1008,8.5782,-2.4308,0
1.1502,12.459,-2.2232,0
1.6259,12.816,-0.99269,0
1.5299,10.518,-0.83319,0
1.0598,8.5679,-1.4449,0
0.15939,6.9411,-0.88001,0
-0.88961,6.5186,0.35939,0
-1.2182,7.3654,0.58199,0
-0.77245,8.5056,0.32316,0
-0.88642,9.3786,0.30052,0
-1.5818,9.8677,0.88385,0
-1.2606,9.9633,1.3284,0
0.041836,9.458,0.9267,0
0.74498,8.5408,0.47022,0
0.81783,8.4031,0.52814,0
0.42327,8.608,0.50767,0
0.14071,8.6967,0.64821,0
-0.28624,8.7542,0.89211,0
-1.0627,8.9499,0.99132,0
-1.5417,8.6515,0.87171,0
-1.6076,8.7711,0.6533,0
-1.5912,9.0411,0.51828,0
-1.1251,9.1567,0.3491,0
-0.80049,9.0217,0.40632,0
-0.22406,9.0482,0.63497,0
0.062131,8.9782,1.1081,0
0.1513,9.0033,1.1899,0
0.070755,8.8461,0.72002,0
-0.238,8.7383,0.78189,0
-0.64317,9.4206,1.0919,0
-0.6588,10.198,1.544,0
-0.016424,10.207,1.5374,0
0.32887,10.376,1.3639,0
0.23729,10.492,1.2251,0
-0.33644,10.333,0.79386,0
-1.0369,9.9991,0.44539,0
-2.3001,10.211,0.76459,0
-3.1803,10.774,0.88634,0
-2.8004,10.467,0.85727,0
-1.573,10.592,0.44935,0
-0.21676,10.651,0.38917,0
0.98055,9.5468,0.73347,0
2.0265,8.2829,0.87183,0
2.5363,8.3748,0.68265,0
2.451,9.647,0.5856,0
1.4429,10.308,0.57321,0
0.41696,10.215,0.11644,0
0.044939,10.268,-0.41008,0
0.10968,10.225,-0.75079,0
0.3396,9.3723,-0.76308,0
0.54161,8.4422,-1.033,0
0.75356,8.2395,-0.7912,0
0.56547,8.2415,-0.1313,0
0.19613,8.5804,-0.65644,0
0.28027,8.4204,-1.7071,0
0.41758,7.9917,-2.1352,0
0.56135,7.2629,-1.6618,0
0.56079,6.5133,-1.3646,0
0.46373,6.0733,-1.3418,0
0.14916,5.973,-1.6363,0
-0.081236,6.0423,-2.5696,0
-0.64541,6.4061,-3.0185,0
-1.1238,7.1303,-3.2111,0
-1.5132,8.5948,-3.5694,0
-1.9971,10.16,-4.461,0
-2.0568,11.484,-4.6042,0
-1.8256,11.593,-4.2,0
-1.232,10.513,-3.4522,0
-0.42963,9.3412,-2.8928,0
0.11689,8.3309,-3.2202,0
0.49712,7.3416,-3.5809,0
0.90501,9.0012,-4.1418,0
0.099266,13.922,-3.5435,0
0.41618,14.198,-0.58134,0
1.6791,10.888,-0.26233,0
2.6434,7.8157,-1.0524,0
1.9696,5.5408,-0.93955,0
-0.2524,5.5267,0.59871,0
-1.6395,7.8957,1.6078,0
-1.9792,9.7821,1.4958,0
-2.1007,9.9702,0.7954,0
-1.9734,9.7022,0.70693,0
-0.99598,9.9015,0.90923,0
0.090189,9.2196,0.18377,0
1.0422,7.9638,-0.41722,0
1.1926,7.7525,0.14838,0
0.65779,8.3858,0.88325,0
-0.10173,8.5383,0.72395,0
-0.81384,8.2049,0.46626,0
-1.634,8.0203,0.30417,0
-2.2198,8.4878,0.19316,0
-2.087,9.1912,-0.024044,0
-1.2445,9.2569,-0.23364,0
-0.45119,9.1243,0.19675,0
0.27329,9.39,0.70164,0
1.091,9.4089,1.2436,0
1.2295,9.3967,1.3049,0
0.66588,9.6887,1.152,0
-0.22848,9.5042,1.6086,0
-0.82878,9.1971,1.5318,0
-0.91604,9.2863,1.196,0
-0.60104,9.847,1.149,0
-0.40392,10.192,1.2629,0
-1.0538,10.857,1.4948,0
-2.145,11.827,1.6089,0
-2.1337,11.93,1.0566,0
-1.3623,11.308,0.82282,0
-0.54924,10.569,0.70402,0
0.073642,9.5112,0.97126,0
0.79917,8.2259,1.0444,0
1.5746,7.8933,0.90262,0
1.8778,8.4337,0.79165,0
1.477,9.3671,1.1022,0
0.70863,10.058,1.4966,0
0.5754,10.336,1.1144,0
0.62674,10.72,0.41745,0
0.64758,10.413,-0.39422,0
0.098818,9.7172,-0.71048,0
-0.15654,9.0384,-0.65397,0
-0.22932,8.8732,-0.61559,0
-0.062289,8.6065,-0.19821,0
0.19836,8.4801,-0.1938,0
0.60157,8.5065,-0.78831,0
0.82828,8.2855,-0.92031,0
1.0399,7.7237,-0.80063,0
0.99693,7.1669,-1.0348,0
1.0685,7.1256,-1.5055,0
0.79252,7.0441,-1.7782,0
0.24555,7.0614,-1.84,0
0.00059875,7.1782,-2.0152,0
0.10127,7.5404,-2.4102,0
-0.13929,8.2511,-3.0986,0
-1.3022,9.2166,-3.6684,0
-2.6061,9.8931,-3.6494,0
-3.9413,10.002,-3.1781,0
-3.8635,9.6653,-2.3299,0
-2.3886,9.034,-2.4273,0
-0.75929,8.0625,-3.075,0
0.72475,7.372,-3.4657,0
2.0786,9.2179,-3.3844,0
1.1729,13.898,-2.3274,0
1.5829,13.879,-0.27919,0
1.5501,10.922,-0.8567,0
1.3042,7.1022,-1.3411,0
-0.23005,5.451,-0.43687,0
-1.4753,6.1367,0.28587,0
-1.7665,8.2145,0.41654,0
-1.4303,9.6916,0.2391,0
-1.9524,10.363,0.37372,0
-2.1096,10.103,0.95218,0
-0.8777,9.4203,1.2109,0
0.36624,8.413,-0.20604,0
0.72024,8.1336,-0.35784,0
0.35819,8.7459,0.5557,0
0.018047,9.2183,0.84245,0
-0.17861,8.8867,0.772,0
-0.6558,8.8952,1.149,0
-1.05,8.9835,1.0133,0
-1.053,9.1545,0.45387,0
-0.82601,9.3332,0.2337,0
-0.50802,9.4762,0.31061,0
-0.22674,9.1157,0.34428,0
-0.1435,8.4995,0.59161,0
-0.50318,8.4339,0.85946,0
-0.83982,9.0269,0.9826,0
-0.74325,9.1541,0.82848,0
-0.6935,8.5511,1.0832,0
-0.67703,8.4345,1.6487,0
-0.47962,8.8795,1.8244,0
-0.04969,9.5105,1.5322,0
0.247,9.9958,1.3832,0
0.48663,10.147,1.3103,0
0.16788,10.117,1.4145,0
-0.048649,10.262,1.1928,0
-0.26524,10.053,1.0903,0
-0.67152,9.8489,1.2674,0
-1.6985,9.7776,1.4833,0
-2.3366,10.547,1.3561,0
-1.9529,10.761,1.3557,0
-1.1903,10.405,0.91926,0
-0.41802,10.039,0.49151,0
-0.067553,9.8638,0.59761,0
0.45006,9.6817,0.72399,0
0.85942,9.4956,0.55844,0
1.0167,8.8105,0.33686,0
1.0096,8.5207,0.20062,0
0.64814,9.257,0.41335,0
0.37064,9.4953,0.65523,0
0.076338,9.2349,0.4325,0
0.11689,9.4901,0.12828,0
0.64906,9.8459,-0.26962,0
0.84365,9.9801,-0.73649,0
0.72808,9.6655,-0.7664,0
0.44712,9.1858,-0.5754,0
0.14301,8.9184,-0.66234,0
0.11556,8.8711,-1.0009,0
0.19875,8.6585,-1.2228,0
0.23052,8.2197,-1.4475,0
-0.22932,8.0687,-1.5246,0
-0.29529,7.8446,-1.4456,0
-0.45956,7.3698,-1.534,0
-0.31441,6.8768,-1.7566,0
0.066933,6.4407,-1.6329,0
-0.091599,6.2239,-1.5795,0
-0.42166,6.4632,-1.8648,0
-1.0348,7.1903,-2.2926,0
-1.3365,8.0779,-2.7583,0
-1.3155,9.3917,-3.2253,0
-1.1613,10.732,-3.7501,0
-0.65531,11.303,-3.5305,0
-0.45093,10.138,-2.6102,0
-0.74056,9.3248,-1.9802,0
-0.63504,9.1353,-1.8576,0
0.044344,9.2399,-2.5639,0
0.31183,11.358,-3.1931,0
-0.17047,12.928,-2.3462,0
-0.15321,10.345,-0.6457,0
0.063948,7.5678,-0.41882,0
0.93655,6.7363,-0.93221,0
1.4436,6.5827,-1.4552,0
0.95318,7.8701,-1.6271,0
-0.10165,9.7105,-0.80834,0
-1.0241,10.494,0.3688,0
-1.3457,9.7,0.81643,0
-1.4761,8.644,0.6027,0
-1.4016,8.2891,0.48623,0
-1.3789,8.6398,0.53377,0
-1.5007,9.4735,0.078644,0
-1.2479,9.9657,0.6716,0
-0.30526,9.255,1.136,0
0.22942,8.2698,0.3149,0
0.40451,8.3271,-0.20587,0
0.027716,9.0678,0.3546,0
-0.73252,9.69,1.3456,0
-1.3399,9.8349,1.1708,0
-1.448,9.4412,0.33296,0
-1.3721,8.8628,0.18417,0
-1.3993,8.7113,0.38858,0
-0.80426,8.8382,0.29642,0
-0.2603,8.9587,0.34869,0
-0.046165,8.7277,0.47916,0
0.22448,8.6993,0.61011,0
0.28283,8.6715,0.60559,0
-0.25155,9.2543,0.24047,0
-0.68252,9.7564,0.16852,0
-0.90675,9.4733,0.38325,0
-1.0064,9.1975,0.71221,0
-0.46107,9.1262,1.1222,0
0.22418,8.9929,1.13,0
0.062065,9.2347,1.0015,0
-0.14003,9.7228,0.72636,0
-0.33002,9.9936,0.29331,0
-0.11436,9.3355,0.29572,0
-0.40893,8.8218,0.88178,0
-1.4554,9.5272,1.5687,0
-2.1583,11.058,1.6436,0
-2.0836,11.804,1.2678,0
-0.69357,10.565,0.79282,0
0.42983,10.518,0.13922,0
0.90813,10.522,-0.029444,0
0.62741,9.9851,0.35755,0
0.16564,9.4691,0.62429,0
0.1922,8.688,0.31687,0
0.0052754,8.5557,-0.29781,0
-0.56536,9.4583,-0.49434,0
-1.3335,10.274,-0.33186,0
-1.319,10.209,-0.21185,0
-1.0274,9.7857,-0.23052,0
-0.6958,9.2472,-0.043659,0
-0.32769,8.5595,-0.38498,0
-0.21252,8.5061,-0.87882,0
-0.07098,8.7911,-0.8769,0
-0.25303,9.0703,-0.73599,0
-0.74891,8.8312,-0.75725,0
-0.77448,8.6357,-0.88197,0
-0.51315,8.4323,-0.93226,0
-0.20773,8.6415,-1.1363,0
-0.23925,8.5127,-1.0686,0
-0.291,8.5011,-1.17,0
-0.31509,8.3362,-1.5699,0
-0.24538,8.1789,-1.7856,0
-0.36759,8.1206,-1.7017,0
-0.66616,8.0336,-1.5476,0
-0.84245,7.8209,-1.8723,0
-0.9684,7.6468,-2.4409,0
-1.5266,8.0524,-2.6321,0
-1.9793,8.8914,-2.2611,0
-1.9756,9.5256,-1.5723,0
-1.549,9.5624,-1.2152,0
-1.0145,9.0662,-1.0287,0
-0.35854,8.5807,-0.87118,0
0.42744,8.1406,-0.94166,0
0.59506,8.095,-1.2632,0
0.34899,8.9547,-1.3418,0
-0.23558,12.329,-1.0141,0
-0.65085,14.006,-0.064541,0
-0.028183,11.139,-0.34129,0
1.028,7.7653,-0.93373,0
0.87263,5.9957,-0.9872,0
0.013654,6.8705,0.041791,0
-0.63768,9.5272,0.48452,0
-1.0172,10.955,0.35876,0
-1.3229,9.9728,0.3089,0
-1.3126,8.8536,0.60597,0
-0.88627,8.6342,0.57604,0
-0.79911,8.5611,0.069599,0
-1.2718,8.8278,0.076042,0
-1.4919,9.1746,0.022312,0
-1.0534,9.3651,-0.031753,0
-0.51758,9.1408,-0.28715,0
-0.69611,8.921,-0.48771,0
-1.1452,8.8769,0.0077393,0
-1.2591,9.0156,0.061498,0
-0.92829,9.0825,0.080026,0
-0.56926,9.0232,0.36282,0
-0.53869,9.2844,0.055479,0
-0.72958,9.2534,-0.059651,0
-0.77526,9.1686,-0.057814,0
-0.61327,8.8132,0.0042155,0
-0.64786,8.7303,0.52855,0
-0.40854,8.8507,0.64891,0
-0.048162,9.0007,0.66173,0
0.19051,9.0821,0.65085,0
0.26133,9.1434,0.8958,0
0.23052,9.2525,0.95741,0
0.28231,9.2741,0.87973,0
0.12889,9.1672,0.66418,0
0.092093,9.0219,0.79552,0
0.03222,8.914,1.0103,0
-0.34829,9.0132,1.1001,0
-0.83558,9.6983,1.175,0
-1.034,10.322,1.2887,0
-0.89617,10.438,1.1873,0
-0.32902,10.485,1.0724,0
0.51414,10.6,0.89649,0
0.84059,10.681,0.60337,0
0.74338,9.9933,0.4604,0
0.59095,9.7112,0.45094,0
0.51031,9.598,0.75793,0
0.58985,9.2944,0.95018,0
0.98664,8.9083,0.70992,0
1.4275,8.7106,0.33753,0
1.601,8.4382,0.053914,0
1.2886,8.4114,0.081632,0
0.92327,8.9141,0.1818,0
0.70869,9.9006,0.079372,0
0.95536,11.039,-0.11394,0
1.3312,10.821,-0.37586,0
1.2788,9.6147,-0.93136,0
0.86494,8.6823,-1.4355,0
0.54731,7.8588,-1.2997,0
0.17831,7.4866,-1.2625,0
0.1922,7.9133,-1.57,0
0.16152,8.6919,-2.024,0
0.2389,9.4442,-2.2095,0
0.47482,9.6142,-1.9549,0
0.88197,8.9027,-1.6194,0
0.72899,7.9542,-1.7145,0
0.29559,7.329,-1.8575,0
-0.13178,7.0045,-2.0462,0
-0.5293,7.1311,-2.4465,0
-0.9316,7.8295,-2.7217,0
-1.2483,8.8946,-2.5038,0
-1.3867,9.5954,-2.2696,0
-1.212,9.7976,-2.1751,0
-0.57275,9.5346,-2.0253,0
-0.25927,8.8658,-1.9166,0
-0.063118,8.2773,-1.8868,0
-0.00067219,8.1264,-1.7652,0
-0.11242,8.2758,-1.8783,0
-0.34169,8.4677,-1.8034,0
-0.37179,8.6335,-1.4043,0
-0.27077,8.8448,-0.97266,0
-0.02142,8.8292,-1.0047,0
0.3091,8.9213,-1.2022,0
0.48634,9.7547,-1.522,0
0.53469,11.909,-1.4639,0
0.75109,12.765,-0.76897,0
0.75179,10.042,-0.59823,0
0.39597,7.6992,-0.90211,0
-0.06895,6.6644,-0.65459,0
-0.38858,7.1424,-0.43165,0
-0.33761,8.5061,-0.73202,0
-0.12166,10.029,-0.85156,0
-0.20374,11.362,-0.43503,0
-0.14226,10.807,0.19699,0
0.39828,9.5421,0.45201,0
0.89382,8.1709,0.1831,0
0.57841,7.8011,-0.0052139,0
-0.54587,8.6735,0.17811,0
-1.3451,9.5085,0.66726,0
-1.7105,9.7316,0.75404,0
-1.4462,9.5185,0.89898,0
-1.0984,9.1882,0.77019,0
-0.61745,8.8693,0.010206,0
-0.11383,8.5466,0.24715,0
-0.28913,8.726,0.45344,0
-0.82652,9.1481,0.38628,0
-1.1018,9.0899,0.45188,0
-1.2917,8.9886,0.55311,0
-1.2978,8.7872,0.75454,0
-0.83471,8.8833,0.98044,0
-0.36109,9.2124,0.96581,0
0.064735,9.2416,0.87501,0
0.35718,9.4476,0.71902,0
0.48467,9.6815,0.74701,0
0.31824,9.3865,0.81775,0
0.045147,9.0684,0.93317,0
0.039628,9.0211,1.1425,0
0.14781,8.9414,1.4897,0
-0.0085586,9.153,1.6027,0
-0.16345,9.0212,1.4463,0
-0.24507,8.9361,1.1962,0
-0.32236,8.9676,1.242,0
-0.57164,9.0187,1.4275,0
-0.57217,9.1491,1.498,0
-0.79117,8.9841,1.0399,0
-0.80193,8.9585,0.64865,0
-0.65106,8.9676,0.72941,0
-0.74645,8.9771,1.1201,0
-0.9936,9.099,1.1522,0
-1.2117,9.4204,0.78321,0
-1.3382,9.5783,0.72628,0
-1.0385,9.897,0.81215,0
-0.43886,10.148,0.92849,0
0.4903,10.285,1.1661,0
1.4055,10.558,0.90506,0
1.9787,10.309,0.62293,0
1.9668,10.326,1.0949,0
1.6629,10.043,1.0109,0
1.5358,8.9518,0.88077,0
1.8934,8.2061,1.3076,0
2.0882,8.0625,1.7604,0
1.9219,8.2289,1.2137,0
1.7799,8.0538,0.56956,0
1.8928,8.0935,0.3826,0
1.991,8.4872,0.36909,0
1.7797,9.1509,0.38991,0
1.6242,9.1662,0.296,0
1.5158,9.0473,-0.15695,0
1.8297,9.7016,-0.75821,0
1.7836,10.174,-0.74441,0
1.498,10.219,-0.30466,0
1.1052,9.688,-0.20455,0
0.78124,9.3371,-0.78397,0
0.49342,9.2576,-0.99515,0
0.52794,9.1971,-0.98743,0
0.65051,8.8212,-1.072,0
0.6226,8.239,-0.97312,0
0.63347,7.6147,-0.95278,0
0.64056,7.4118,-1.177,0
0.76022,7.6871,-0.75584,0
0.51938,8.6995,-0.27769,0
0.51239,9.535,-0.53228,0
0.88836,9.3321,-1.3269,0
1.763,8.5737,-1.8836,0
1.8741,8.1699,-0.6723,0
1.4068,8.4074,0.80394,0
0.59967,9.1684,1.4651,0
0.51638,9.8914,0.89727,0
0.70745,10.219,-0.2648,0
0.95898,9.5367,-0.84365,0
1.2177,8.8127,-0.73123,0
1.2335,8.781,-0.43038,0
0.75714,9.515,-0.1484,0
0.23854,10.207,0.29665,0
-0.12494,9.8615,0.45396,0
-0.13076,9.0686,0.11973,0
-0.030554,8.6313,-0.10696,0
0.20552,8.9146,0.13502,0
0.48352,9.1614,0.2896,0
0.4984,9.207,0.44027,0
0.42239,9.1975,0.53536,0
0.17446,9.1031,0.55363,0
0.30313,9.0502,0.51572,0
0.35499,9.1021,0.5647,0
0.49851,9.121,0.80388,0
0.45367,9.1749,0.72749,0
0.59372,9.3457,0.76412,0
0.53484,9.5709,0.83042,0
0.42839,9.3727,0.80726,0
0.23052,9.2821,0.58026,0
0.1848,9.1208,0.59729,0
0.14,9.1453,0.59864,0
0.32215,9.2938,0.78079,0
0.1922,9.1272,0.81046,0
0.1475,9.1145,0.82755,0
0.10019,8.9983,0.78118,0
0.18308,9.0351,0.73205,0
0.27805,9.2005,0.88691,0
0.34614,9.1856,0.91975,0
0.31356,9.0378,0.82009,0
0.2834,9.099,0.74205,0
0.34548,9.2326,0.69077,0
0.3565,9.1481,0.77157,0
0.32262,9.1616,0.86038,0
0.12175,9.1681,0.90128,0
0.19207,9.0443,0.80426,0
0.24921,9.1975,0.84245,0
